Title; Link; Description
THE 10 BEST Cafés in New York City (Updated 2023);https://www.tripadvisor.com/Restaurants-g60763-c8-New_York_City_New_York.html;-
27 Cafés In New York You Need To Try;https://bucketlisters.com/inspiration/cafes-in-new-york-you-need-to-try;19 Jan 2023 — Just steps from Prospect Park in Prospect Lefferts Gardens is Hibiscus Brew, a lively cafe that promises to nourish mind, body, and spirit.
The 21 very best coffee shops in NYC;https://www.timeout.com/newyork/restaurants/best-coffee-shops-in-new-york;4 May 2023
13 Essential NYC Coffee Shops;https://ny.eater.com/maps/best-cafe-coffee-shop-new-york-city-brooklyn-queens;10 Nov 2022 — Variety Coffee Roasters · 1269 Lexington Ave, New York, NY 10028 · (212) 289-2104 · (212) 289-2104 ; Little Collins · 708 3rd Ave, New York, NY ...
20+ Irresistible Coffee Spots in New York City (Guaranteed ...;https://newyorksimply.com/nyc-best-coffee-new-york-city/;3 Jul 2023 — Cafe Leon Dore. Cafe Leon Dore is a game changer when it comes to coffee in New York City. This charming coffee shop makes you feel like you've ...
Home | Union Square Cafe in New York City;https://www.unionsquarecafe.com/;Danny Meyer's flagship restaurant showcases the best local ingredients in a casual and contemporary dining room that offers a variety of spaces for private ...
T. Cafe;https://www.tinbuilding.com/restaurants/CAFE;T. Cafe. OverviewT. Cafe. cuisineCoffee & Pastries. Floor1. ServiceFast Casual. AmbienceQuick & Easy. Order Now ... 96 South Street, New York, US-NY 10038 ...
15+ Cutest Cafes in NYC: Instagram-Worthy NY Cafes;https://findloveandtravel.com/cafes-in-nyc/;2 Mar 2023
16 of the Cutest Cafes in NYC : Coffee Shops in New York ...;https://nytoanywhere.com/cutest-cafes-in-nyc/;22 Jul 2020
